"doctors_endocrinology_id","first_name","last_name","date_of_birth","address","phone_number","specialization"
1,"Christopher","Dennis","1963-02-19","USNS Jones
FPO AE 18948","001-576-794-9383x202","Endocrinology"
2,"Rebecca","Rojas","1942-03-16","8461 Steven Run Suite 491
Lake Amanda, MO 57007","001-341-649-7407x358","Endocrinology"
3,"Robert","Edwards","1944-10-20","78462 Matthew Mountain
East Scotttown, NM 40584","948-203-6831x44431","Endocrinology"
4,"Joseph","Mercado","1944-02-19","23421 Patricia Lock
West Krista, MI 32078","617-941-3772x424","Endocrinology"
5,"Grace","Mccarthy","2007-09-16","6882 Carrie Mission
Walkerport, ME 20518","371.427.2175x20198","Endocrinology"
6,"Jerome","Alexander","2003-12-17","160 Sandra Parks
Ericchester, KS 73264","(401)295-8528","Endocrinology"
7,"Matthew","Lin","1995-02-25","6442 Kyle Village
Herrerabury, MA 78358","+1-878-611-8082x3286","Endocrinology"
8,"Jerry","Mitchell","1918-09-22","81936 Pena Route
Jessicatown, CO 37567","340-327-4531","Endocrinology"
9,"Gary","Tran","2020-02-21","10943 Ortega Islands Apt. 276
Howellport, WA 16623","+1-328-845-9148","Endocrinology"
10,"Chad","Green","1953-07-01","07375 Watkins Well Apt. 513
Jordanchester, IN 16500","+1-802-683-5583x3954","Endocrinology"
